id,topic,country,language,intent,prompt_native,prompt_en
p001,Flow Scheduling,DE,de,Vendor Discovery,Welche Anbieter sind auf Flow-Scheduling-Software für die komplexe Prozessfertigung spezialisiert?,Which vendors specialize in flow scheduling software for complex process manufacturing?
p002,Flow Scheduling,DE,de,Vendor Shortlist,"Welche Flow-Scheduling-Software sollte eine Brauerei für die Planung von Brauprozess, Gärung und Abfüllung in die engere Wahl nehmen?","Which flow scheduling software should a brewery shortlist for planning brewing, fermentation and packaging?"
p003,Flow Scheduling,DE,de,Vendor Shortlist,"Welche Flow-Scheduling-Systeme sollte ein Molkereibetrieb für die Planung von Verarbeitung, Abfüllung und Haltbarkeit in die engere Wahl nehmen?","Which flow scheduling systems should a dairy producer shortlist for planning processing, filling and shelf life?"
p004,Flow Scheduling,DE,de,Use-Case Fit,Wie kann ein Betrieb mit mehreren Tanks und Reinigungsschritten seinen Produktionsfluss synchron halten?,How can a plant with multiple tanks and cleaning steps keep its production flow in sync?
p005,Flow Scheduling,DE,de,Use-Case Fit,"Wie kann eine Brauerei Brauprozess, Gärung und Abfüllung rund um begrenzte Tanks planen?","How can a brewery schedule brewing, fermentation and packaging around limited tanks?"
p006,Flow Scheduling,DE,de,Enterprise Capability,"Welche Flow-Scheduling-Werkzeuge unterstützen Mehrwerksbetrieb, komplexe Restriktionen und Echtzeit-Neuplanung?","Which flow scheduling tools support multi-site operations, complex constraints and real-time replanning?"
p007,Flow Scheduling,DE,de,Educational / Category,Warum ist die Produktionsplanung in der Prozessfertigung so schwierig?,Why is production scheduling so hard in process manufacturing?
p008,Flow Scheduling,DE,de,Vendor Discovery,Welche Software bewältigt Tankplanung für die Flüssig- und Getränkeproduktion?,Which software handles tank scheduling for liquid and beverage production?
p009,Flow Scheduling,DE,de,Vendor Discovery,Welche Anbieter bieten Software zur Ablaufplanung der Flüssigproduktion?,Which vendors offer liquid production scheduling software?
p010,Flow Scheduling,DE,de,Vendor Discovery,Welche Software eignet sich am besten für die Batch-Produktionsplanung in Prozessbetrieben?,Which software is best for batch production scheduling in process plants?
p011,Flow Scheduling,DE,de,Vendor Discovery,Welche Produktionsplanungssoftware ist für die tankbasierte Fertigung ausgelegt?,Which production scheduling software is built for tank-based manufacturing?
p012,Flow Scheduling,DE,de,Use-Case Fit,"Welche Produktionsplanungssoftware für Brauereien bewältigt Tanks, Gärung und Abfüllung?","Which brewery production scheduling software handles tanks, fermentation and packaging?"
p013,Flow Scheduling,DE,de,Use-Case Fit,Welche Software für die Produktionsplanung in Molkereien bewältigt Haltbarkeit und Reinigung?,Which dairy production planning and scheduling software handles shelf life and cleaning?
p014,Life Sciences Planning,DE,de,Vendor Discovery,Welche Softwareanbieter bieten Supply-Chain-Planungslösungen für Pharma- und Life-Sciences-Unternehmen?,Which software vendors provide supply chain planning solutions for pharmaceutical and life sciences companies?
p015,Life Sciences Planning,DE,de,Vendor Discovery,Wer sind die führenden Anbieter von Supply-Chain-Planung für Pharma- und Life-Sciences-Hersteller?,Who are the leading supply chain planning providers for pharma and life sciences manufacturers?
p016,Life Sciences Planning,DE,de,Vendor Discovery,Für einen Pharmahersteller – welche Anbieter für Supply-Chain-Planung lohnt es sich zu prüfen?,"For a pharmaceutical manufacturer, which supply chain planning providers are worth looking into?"
p017,Life Sciences Planning,DE,de,Vendor Shortlist,Welche Supply-Chain-Planungsplattformen sollte ein global tätiger Pharmahersteller in die engere Wahl nehmen?,Which supply chain planning solutions should a global pharmaceutical manufacturer shortlist?
p018,Life Sciences Planning,DE,de,Vendor Shortlist,Wir sind ein global tätiges Pharmaunternehmen und prüfen Planungssoftware – welche sollte in die engere Wahl kommen?,We are a global pharma company reviewing planning software — which one should make our shortlist?
p019,Life Sciences Planning,DE,de,Vendor Shortlist,Ein großes Life-Sciences-Unternehmen prüft Planungswerkzeuge – welche Anbieter werden immer wieder als glaubwürdige Optionen genannt?,A large life sciences company is reviewing planning tools — which providers keep coming up as credible options?
p020,Life Sciences Planning,DE,de,Use-Case Fit,Wie kann ein Pharmaunternehmen die klinische und kommerzielle Versorgung gemeinsam planen?,How can a pharma company plan clinical and commercial supply together?
p021,Life Sciences Planning,DE,de,Use-Case Fit,Wie kann ein Pharmahersteller die Versorgung für Produkte mit kurzer Haltbarkeit und strengen Chargenvorgaben planen?,How can a pharma manufacturer plan supply for products with short shelf life and strict batch rules?
p022,Life Sciences Planning,DE,de,Comparison / Alternatives,"Welche Alternativen zu Kinaxis, OMP und SAP sind starke Optionen für die komplexe Supply-Chain-Planung im Life-Sciences-Bereich?","Which alternatives to Kinaxis, OMP and SAP are strong options for complex life sciences supply chain planning?"
p023,Life Sciences Planning,DE,de,Comparison / Alternatives,"Welche Anbieter neben Kinaxis, OMP und SAP sind für komplexe Life-Sciences-Lieferketten stark?","Besides Kinaxis, OMP and SAP, which planning providers are strong for complex life sciences supply chains?"
p024,Life Sciences Planning,DE,de,Educational / Category,Was macht die Supply-Chain-Planung in der pharmazeutischen Fertigung schwierig?,What makes supply chain planning difficult in pharmaceutical manufacturing?
p025,Life Sciences Planning,DE,de,Educational / Category,"Wie können Pharmaunternehmen ihre Kapazität rund um Haltbarkeit, Chargenvorgaben und regulatorische Sperren planen?","How can pharma companies plan capacity around shelf life, batch rules and regulatory holds?"
p026,Life Sciences Planning,DE,de,Use-Case Fit,Wie kann ein wachsendes Biotech-Unternehmen von der klinischen Versorgung zur vollständigen kommerziellen Produktionsplanung übergehen?,How can a growing biotech move from clinical supply to full commercial production planning?
p027,Production Scheduling,DE,de,Vendor Discovery,Welche Softwareanbieter bieten fortschrittliche Produktionsplanung für die komplexe Fertigung?,Which software vendors provide advanced production scheduling for complex manufacturing?
p028,Production Scheduling,DE,de,Vendor Discovery,Wer sind die bevorzugten Anbieter für fortschrittliche Produktionsplanung in der hochkomplexen Fertigung mit hoher Variantenvielfalt?,"Who are the go-to providers of advanced production scheduling for high-complexity, high-mix manufacturing?"
p029,Production Scheduling,DE,de,Vendor Shortlist,Welche Anbieter für Produktionsplanung sollte ein großer Hersteller mit mehreren Standorten und komplexen Planungsanforderungen in die engere Wahl nehmen?,Which production scheduling vendors should a large multi-site manufacturer with complex planning requirements shortlist?
p030,Production Scheduling,DE,de,Vendor Discovery,Welche KI-gestützten Lösungen für die Produktionsplanung eignen sich am besten für die restriktionsintensive Fertigung?,Which AI-powered production scheduling solutions are best suited to constraint-intensive manufacturing?
p031,Production Scheduling,DE,de,Vendor Discovery,"Welche Scheduling-Software nutzen KI oder Optimierung, um stark restringierte, schwer planbare Produktion zu bewältigen?","Which scheduling software use AI or optimization to handle heavily constrained, hard-to-plan production?"
p032,Production Scheduling,DE,de,Use-Case Fit,"Wie kann ein Hersteller einen realistischen Produktionsplan erstellen, wenn Kapazität, Material und Personal konkurrieren?","How can a manufacturer build a workable production schedule when capacity, materials and labor all compete?"
p033,Production Scheduling,DE,de,Use-Case Fit,"Wie kann ein Hersteller mit mehreren Standorten die Produktion über Standorte hinweg planen, die Material und Kapazität teilen?",How can a multi-site manufacturer plan production across sites that share materials and capacity?
p034,Production Scheduling,DE,de,Use-Case Fit,Wie kann ein Hersteller die Termintreue verbessern und gleichzeitig Rüstvorgänge und Bestände reduzieren?,How can a manufacturer improve on-time delivery while reducing changeovers and inventory?
p035,Production Scheduling,DE,de,Use-Case Fit,"Wie kann eine Fabrik Rüstvorgänge und Bestände reduzieren, ohne die Lieferleistung zu beeinträchtigen?",How can a factory cut changeovers and inventory without hurting delivery performance?
p036,Production Scheduling,DE,de,Comparison / Alternatives,"Was sind die besten Alternativen zu OMP, Kinaxis und Blue Yonder für die komplexe Produktionsplanung?","What are the best alternatives to OMP, Kinaxis and Blue Yonder for complex production scheduling?"
p037,Production Scheduling,DE,de,Comparison / Alternatives,"Welche Anbieter jenseits von OMP, Kinaxis und Blue Yonder sind für die komplexe Produktionsplanung glaubwürdig?","Beyond OMP, Kinaxis and Blue Yonder, which providers are credible for complex production scheduling?"
p038,Production Scheduling,DE,de,Educational / Category,"Wie kann die Produktionsplanung die Termintreue verbessern, ohne Bestände oder Rüstvorgänge zu erhöhen?",How can production scheduling improve on-time delivery without adding inventory or changeovers?
p039,Production Scheduling,DE,de,Educational / Category,"Wie können Hersteller die Produktion schnell umplanen, wenn eine Maschine ausfällt oder Material knapp wird?",How can manufacturers quickly reschedule production when a machine breaks down or material runs short?
p040,Procurement & Blend Opt,DE,de,Vendor Discovery,Welche Softwareanbieter bieten integrierte Beschaffungs- und Mischungsoptimierung für Hersteller mit schwankenden Rohstoffen?,Which software vendors provide integrated procurement and blend optimization for manufacturers using variable raw materials?
p041,Procurement & Blend Opt,DE,de,Vendor Discovery,"Wer bietet Software, die Einkauf und Rezepturmischung für Hersteller mit schwankenden natürlichen Rohstoffen gemeinsam optimiert?",Who offers software that jointly optimizes buying and recipe blending for producers working with fluctuating natural inputs?
p042,Procurement & Blend Opt,DE,de,Vendor Shortlist,"Welche Lösungen sollte ein Kaffeehersteller in die engere Wahl nehmen, um Rohkaffee-Einkauf und Mischung gemeinsam zu optimieren?",Which solutions should a coffee manufacturer shortlist to optimize green coffee sourcing and blending together?
p043,Procurement & Blend Opt,DE,de,Educational / Category,"Welche Systeme sollte ein Teehersteller in die engere Wahl nehmen, um Blatteinkauf und Mischungsrezepturen gemeinsam zu optimieren?",Which systems should a tea manufacturer shortlist to optimize leaf sourcing and blend recipes together?
p044,Procurement & Blend Opt,DE,de,Use-Case Fit,"Wir möchten die Rohstoffkosten senken und gleichzeitig Qualitäts-, Rezeptur- und Verfügbarkeitsanforderungen einhalten. Welche Software sollten wir evaluieren?","We need to reduce raw material costs while meeting quality, recipe and availability constraints. Which software should we evaluate?"
p045,Procurement & Blend Opt,DE,de,Use-Case Fit,Als Kaffeeproduzent möchten wir die Rohkaffeekosten senken und zugleich Tassenqualität und Mischungsrezepturen halten. Welche Software unterstützt das?,As a coffee producer we want to cut green coffee costs while holding cup quality and blend recipes. Which software supports that?
p046,Procurement & Blend Opt,DE,de,Enterprise Capability,"Welche Unternehmensplattformen vereinen Beschaffungsplanung, Mischungsoptimierung und Szenarioanalyse?","Which enterprise systems combine procurement planning, blend optimization and scenario analysis?"
p047,Network Design,DE,de,Vendor Discovery,Welche Softwareanbieter bieten Supply-Chain-Netzwerkdesign und -Optimierung für große Fertigungsunternehmen?,Which software vendors provide supply chain network design and optimization for large manufacturers?
p048,Network Design,DE,de,Vendor Discovery,"Wer sind die führenden Anbieter von Software für Netzwerkdesign und -optimierung für komplexe, mehrregionale Lieferketten?","Who are the leading providers of network design and optimization software for complex, multi-region supply chains?"
p049,Network Design,DE,de,Vendor Shortlist,Welche Systeme für Supply-Chain-Netzwerkdesign sollte ein global aufgestellter Hersteller für komplexe Netzwerkmodellierung und -optimierung in die engere Wahl nehmen?,Which supply chain network design systems should a global manufacturer shortlist for complex network modeling and optimization?
p050,Network Design,DE,de,Vendor Shortlist,Wir stellen eine Auswahlliste von Netzwerkdesign- und Optimierungswerkzeugen für einen großen Industriekonzern zusammen – welche Werkzeuge gehören darauf?,We are drawing up a shortlist of network design and optimization tools for a large industrial group — which tools belong on it?
p051,Network Design,DE,de,Use-Case Fit,Wir gestalten unser Produktions- und Distributionsnetzwerk über mehrere Regionen hinweg neu. Welche Softwareplattformen sollten wir evaluieren?,We are redesigning our manufacturing and distribution network across multiple regions. Which software tools should we evaluate?
p052,Network Design,DE,de,Use-Case Fit,"Unser Standortnetzwerk ist durch Zukäufe gewachsen und passt nicht mehr. Welche Werkzeuge helfen uns, eine neue Netzwerkstruktur zu modellieren und zu optimieren?",Our footprint has grown through acquisitions and no longer makes sense. Which tools can help us model and optimize a new network structure?
p053,Network Design,DE,de,Enterprise Capability,Welche Plattformen für Netzwerkdesign unterstützen anspruchsvolle Szenariomodellierung und Optimierung für große Unternehmen?,Which supply chain network design platforms support advanced scenario modeling and optimization for large enterprises?
p054,Network Design,DE,de,Educational / Category,Was ist der Unterschied zwischen Supply-Chain-Netzwerkdesign und Netzwerkoptimierung?,What is the difference between supply chain network design and network optimization?
p055,Network Design,DE,de,Educational / Category,"Wie sollte ein Hersteller verschiedene Netzwerkszenarien vergleichen, bevor er Werke oder Lager verlagert?",How should a manufacturer compare different network scenarios before moving plants or warehouses?
p056,SAP APO Replacement,DE,de,Comparison / Alternatives,Welche Supply-Chain-Planungsplattformen sind starke Alternativen zu SAP APO?,Which supply chain planning tools are strong alternatives to SAP APO?
p057,SAP APO Replacement,DE,de,Vendor Shortlist,Welche Lösungen sollte ein großer Hersteller bei der Ablösung von SAP APO für Produktionsplanung und -steuerung in die engere Wahl nehmen?,Which solutions should a large manufacturer shortlist when replacing SAP APO for production planning and scheduling?
p058,SAP APO Replacement,DE,de,Educational / Category,"Was sollten Unternehmen bedenken, wenn sie einen Wechsel von SAP APO planen?",What should companies think about when planning a move away from SAP APO?
p059,AI / Decision Execution,DE,de,Vendor Discovery,"Welche Anbieter bieten KI-gestützte Supply-Chain-Planungsplattformen, die auch bei der Umsetzung von Planungsentscheidungen helfen?",Which vendors offer AI-driven supply chain planning software that also helps act on planning decisions?
p060,AI / Decision Execution,DE,de,Educational / Category,Wie kann KI bei der Produktionsplanung in der komplexen Fertigung helfen?,How can AI help with production scheduling in complex manufacturing?
p061,Flow Scheduling,UK,en,Vendor Discovery,Which vendors specialize in flow scheduling software for complex process manufacturing?,Which vendors specialize in flow scheduling software for complex process manufacturing?
p062,Flow Scheduling,UK,en,Vendor Shortlist,"Which flow scheduling software should a brewery shortlist for planning brewing, fermentation and packaging?","Which flow scheduling software should a brewery shortlist for planning brewing, fermentation and packaging?"
p063,Flow Scheduling,UK,en,Use-Case Fit,How can a plant with multiple tanks and cleaning steps keep its production flow in sync?,How can a plant with multiple tanks and cleaning steps keep its production flow in sync?
p064,Flow Scheduling,UK,en,Enterprise Capability,"Which flow scheduling tools support multi-site operations, complex constraints and real-time replanning?","Which flow scheduling tools support multi-site operations, complex constraints and real-time replanning?"
p065,Flow Scheduling,UK,en,Educational / Category,Why is production scheduling so hard in process manufacturing?,Why is production scheduling so hard in process manufacturing?
p066,Flow Scheduling,UK,en,Vendor Discovery,Which vendors offer liquid production scheduling software?,Which vendors offer liquid production scheduling software?
p067,Flow Scheduling,UK,en,Vendor Discovery,Which vendors offer finite capacity scheduling for process manufacturing?,Which vendors offer finite capacity scheduling for process manufacturing?
p068,Flow Scheduling,UK,en,Use-Case Fit,"Which brewery production scheduling software handles tanks, fermentation and packaging?","Which brewery production scheduling software handles tanks, fermentation and packaging?"
p069,Flow Scheduling,UK,en,Vendor Discovery,Which dairy production planning and scheduling software handles shelf life and cleaning?,Which dairy production planning and scheduling software handles shelf life and cleaning?
p070,Life Sciences Planning,UK,en,Vendor Discovery,Which software vendors provide supply chain planning solutions for pharmaceutical and life sciences companies?,Which software vendors provide supply chain planning solutions for pharmaceutical and life sciences companies?
p071,Life Sciences Planning,UK,en,Vendor Discovery,Who are the leading supply chain planning providers for pharma and life sciences manufacturers?,Who are the leading supply chain planning providers for pharma and life sciences manufacturers?
p072,Life Sciences Planning,UK,en,Vendor Shortlist,Which supply chain planning solutions should a global pharmaceutical manufacturer shortlist?,Which supply chain planning solutions should a global pharmaceutical manufacturer shortlist?
p073,Life Sciences Planning,UK,en,Vendor Shortlist,We are a global pharma company reviewing planning software — which one should make our shortlist?,We are a global pharma company reviewing planning software — which one should make our shortlist?
p074,Life Sciences Planning,UK,en,Use-Case Fit,How can a pharma company plan clinical and commercial supply together?,How can a pharma company plan clinical and commercial supply together?
p075,Life Sciences Planning,UK,en,Use-Case Fit,How can a pharma manufacturer plan supply for products with short shelf life and strict batch rules?,How can a pharma manufacturer plan supply for products with short shelf life and strict batch rules?
p076,Life Sciences Planning,UK,en,Comparison / Alternatives,"Which alternatives to Kinaxis, OMP and SAP are strong options for complex life sciences supply chain planning?","Which alternatives to Kinaxis, OMP and SAP are strong options for complex life sciences supply chain planning?"
p077,Life Sciences Planning,UK,en,Comparison / Alternatives,"Besides Kinaxis, OMP and SAP, which planning providers are strong for complex life sciences supply chains?","Besides Kinaxis, OMP and SAP, which planning providers are strong for complex life sciences supply chains?"
p078,Life Sciences Planning,UK,en,Educational / Category,What makes supply chain planning difficult in pharmaceutical manufacturing?,What makes supply chain planning difficult in pharmaceutical manufacturing?
p079,Life Sciences Planning,UK,en,Educational / Category,"How can pharma companies plan capacity around shelf life, batch rules and regulatory holds?","How can pharma companies plan capacity around shelf life, batch rules and regulatory holds?"
p080,Life Sciences Planning,UK,en,Use-Case Fit,How can a growing biotech move from clinical supply to full commercial production planning?,How can a growing biotech move from clinical supply to full commercial production planning?
p081,Production Scheduling,UK,en,Vendor Discovery,Which software vendors provide advanced production scheduling for complex manufacturing?,Which software vendors provide advanced production scheduling for complex manufacturing?
p082,Production Scheduling,UK,en,Vendor Discovery,"Who are the go-to providers of advanced production scheduling for high-complexity, high-mix manufacturing?","Who are the go-to providers of advanced production scheduling for high-complexity, high-mix manufacturing?"
p083,Production Scheduling,UK,en,Vendor Shortlist,Which production scheduling vendors should a large multi-site manufacturer with complex planning requirements shortlist?,Which production scheduling vendors should a large multi-site manufacturer with complex planning requirements shortlist?
p084,Production Scheduling,UK,en,Vendor Discovery,Which AI-powered production scheduling solutions are best suited to constraint-intensive manufacturing?,Which AI-powered production scheduling solutions are best suited to constraint-intensive manufacturing?
p085,Production Scheduling,UK,en,Vendor Discovery,"Which scheduling software use AI or optimization to handle heavily constrained, hard-to-plan production?","Which scheduling software use AI or optimization to handle heavily constrained, hard-to-plan production?"
p086,Production Scheduling,UK,en,Use-Case Fit,"How can a manufacturer build a workable production schedule when capacity, materials and labor all compete?","How can a manufacturer build a workable production schedule when capacity, materials and labor all compete?"
p087,Production Scheduling,UK,en,Use-Case Fit,How can a multi-site manufacturer plan production across sites that share materials and capacity?,How can a multi-site manufacturer plan production across sites that share materials and capacity?
p088,Production Scheduling,UK,en,Use-Case Fit,How can a manufacturer improve on-time delivery while reducing changeovers and inventory?,How can a manufacturer improve on-time delivery while reducing changeovers and inventory?
p089,Production Scheduling,UK,en,Use-Case Fit,How can a factory cut changeovers and inventory without hurting delivery performance?,How can a factory cut changeovers and inventory without hurting delivery performance?
p090,Production Scheduling,UK,en,Comparison / Alternatives,"What are the best alternatives to OMP, Kinaxis and Blue Yonder for complex production scheduling?","What are the best alternatives to OMP, Kinaxis and Blue Yonder for complex production scheduling?"
p091,Production Scheduling,UK,en,Comparison / Alternatives,"Beyond OMP, Kinaxis and Blue Yonder, which providers are credible for complex production scheduling?","Beyond OMP, Kinaxis and Blue Yonder, which providers are credible for complex production scheduling?"
p092,Production Scheduling,UK,en,Educational / Category,How can production scheduling improve on-time delivery without adding inventory or changeovers?,How can production scheduling improve on-time delivery without adding inventory or changeovers?
p093,Production Scheduling,UK,en,Educational / Category,How can manufacturers quickly reschedule production when a machine breaks down or material runs short?,How can manufacturers quickly reschedule production when a machine breaks down or material runs short?
p094,Procurement & Blend Opt,UK,en,Vendor Discovery,Which software vendors provide integrated procurement and blend optimization for manufacturers using variable raw materials?,Which software vendors provide integrated procurement and blend optimization for manufacturers using variable raw materials?
p095,Procurement & Blend Opt,UK,en,Vendor Discovery,Who offers software that jointly optimizes buying and recipe blending for producers working with fluctuating natural inputs?,Who offers software that jointly optimizes buying and recipe blending for producers working with fluctuating natural inputs?
p096,Procurement & Blend Opt,UK,en,Vendor Shortlist,Which solutions should a coffee manufacturer shortlist to optimize green coffee sourcing and blending together?,Which solutions should a coffee manufacturer shortlist to optimize green coffee sourcing and blending together?
p097,Procurement & Blend Opt,UK,en,Vendor Shortlist,Which sourcing and blending optimization software should a coffee roaster shortlist?,Which sourcing and blending optimization software should a coffee roaster shortlist?
p098,Procurement & Blend Opt,UK,en,Educational / Category,Which systems should a tea manufacturer shortlist to optimize leaf sourcing and blend recipes together?,Which systems should a tea manufacturer shortlist to optimize leaf sourcing and blend recipes together?
p099,Procurement & Blend Opt,UK,en,Use-Case Fit,"We need to reduce raw material costs while meeting quality, recipe and availability constraints. Which software should we evaluate?","We need to reduce raw material costs while meeting quality, recipe and availability constraints. Which software should we evaluate?"
p100,Procurement & Blend Opt,UK,en,Use-Case Fit,As a coffee producer we want to cut green coffee costs while holding cup quality and blend recipes. Which software supports that?,As a coffee producer we want to cut green coffee costs while holding cup quality and blend recipes. Which software supports that?
p101,Procurement & Blend Opt,UK,en,Enterprise Capability,"Which enterprise systems combine procurement planning, blend optimization and scenario analysis?","Which enterprise systems combine procurement planning, blend optimization and scenario analysis?"
p102,Network Design,UK,en,Vendor Discovery,Which software vendors provide supply chain network design and optimization for large manufacturers?,Which software vendors provide supply chain network design and optimization for large manufacturers?
p103,Network Design,UK,en,Vendor Discovery,"Who are the leading providers of network design and optimization software for complex, multi-region supply chains?","Who are the leading providers of network design and optimization software for complex, multi-region supply chains?"
p104,Network Design,UK,en,Vendor Shortlist,Which supply chain network design systems should a global manufacturer shortlist for complex network modeling and optimization?,Which supply chain network design systems should a global manufacturer shortlist for complex network modeling and optimization?
p105,Network Design,UK,en,Vendor Shortlist,We are drawing up a shortlist of network design and optimization tools for a large industrial group — which tools belong on it?,We are drawing up a shortlist of network design and optimization tools for a large industrial group — which tools belong on it?
p106,Network Design,UK,en,Use-Case Fit,We are redesigning our manufacturing and distribution network across multiple regions. Which software tools should we evaluate?,We are redesigning our manufacturing and distribution network across multiple regions. Which software tools should we evaluate?
p107,Network Design,UK,en,Use-Case Fit,Our footprint has grown through acquisitions and no longer makes sense. Which tools can help us model and optimize a new network structure?,Our footprint has grown through acquisitions and no longer makes sense. Which tools can help us model and optimize a new network structure?
p108,Network Design,UK,en,Enterprise Capability,Which supply chain network design platforms support advanced scenario modeling and optimization for large enterprises?,Which supply chain network design platforms support advanced scenario modeling and optimization for large enterprises?
p109,Network Design,UK,en,Educational / Category,What is the difference between supply chain network design and network optimization?,What is the difference between supply chain network design and network optimization?
p110,SAP APO Replacement,UK,en,Comparison / Alternatives,Which supply chain planning tools are strong alternatives to SAP APO?,Which supply chain planning tools are strong alternatives to SAP APO?
p111,SAP APO Replacement,UK,en,Comparison / Alternatives,"For a company transitioning away from SAP APO, which planning platforms are the strongest options to consider?","For a company transitioning away from SAP APO, which planning platforms are the strongest options to consider?"
p112,SAP APO Replacement,UK,en,Comparison / Alternatives,Which planning solutions are credible replacements for SAP APO?,Which planning solutions are credible replacements for SAP APO?
p113,SAP APO Replacement,UK,en,Vendor Shortlist,Which solutions should a large manufacturer shortlist when replacing SAP APO for production planning and scheduling?,Which solutions should a large manufacturer shortlist when replacing SAP APO for production planning and scheduling?
p114,SAP APO Replacement,UK,en,Vendor Shortlist,We are transitioning from SAP APO for production planning and scheduling. Which solutions should we shortlist as successors?,We are transitioning from SAP APO for production planning and scheduling. Which solutions should we shortlist as successors?
p115,SAP APO Replacement,UK,en,Educational / Category,What should companies think about when planning a move away from SAP APO?,What should companies think about when planning a move away from SAP APO?
p116,SAP APO Replacement,UK,en,Educational / Category,What are the main risks when migrating from SAP APO to another planning system?,What are the main risks when migrating from SAP APO to another planning system?
p117,AI / Decision Execution,UK,en,Vendor Discovery,Which vendors offer AI-driven supply chain planning software that also helps act on planning decisions?,Which vendors offer AI-driven supply chain planning software that also helps act on planning decisions?
p118,AI / Decision Execution,UK,en,Vendor Discovery,Who provides AI-powered planning systems that not only analyze but also help put planning decisions into action?,Who provides AI-powered planning systems that not only analyze but also help put planning decisions into action?
p119,AI / Decision Execution,UK,en,Vendor Discovery,"Which supply chain systems combine optimization, AI recommendations, human oversight and operational decision execution?","Which supply chain systems combine optimization, AI recommendations, human oversight and operational decision execution?"
p120,AI / Decision Execution,UK,en,Educational / Category,How can AI help with production scheduling in complex manufacturing?,How can AI help with production scheduling in complex manufacturing?
p121,Flow Scheduling,NL,nl,Vendor Discovery,Welke leveranciers zijn gespecialiseerd in flow scheduling-software voor complexe procesindustrie?,Which vendors specialize in flow scheduling software for complex process manufacturing?
p122,Flow Scheduling,NL,nl,Vendor Discovery,Wie biedt scheduling-software die specifiek is ontwikkeld voor continue en batch-procesproductie?,Who provides scheduling software built specifically for continuous and batch process manufacturing?
p123,Flow Scheduling,NL,nl,Vendor Shortlist,"Welke flow scheduling-software zou een brouwerij moeten shortlisten voor het plannen van brouwen, gisting en verpakking?","Which flow scheduling software should a brewery shortlist for planning brewing, fermentation and packaging?"
p124,Flow Scheduling,NL,nl,Vendor Shortlist,"Welke flow scheduling-systemen zou een zuivelproducent moeten shortlisten voor het plannen van verwerking, afvulling en houdbaarheid?","Which flow scheduling systems should a dairy producer shortlist for planning processing, filling and shelf life?"
p125,Flow Scheduling,NL,nl,Use-Case Fit,Hoe kan een fabriek met meerdere tanks en reinigingsstappen de productiestroom synchroon houden?,How can a plant with multiple tanks and cleaning steps keep its production flow in sync?
p126,Flow Scheduling,NL,nl,Use-Case Fit,"Hoe kan een brouwerij brouwen, gisting en verpakking rond beperkte tanks plannen?","How can a brewery schedule brewing, fermentation and packaging around limited tanks?"
p127,Flow Scheduling,NL,nl,Enterprise Capability,"Welke flow scheduling-tools ondersteunen productie op meerdere locaties, complexe restricties en herplanning in realtime?","Which flow scheduling tools support multi-site operations, complex constraints and real-time replanning?"
p128,Flow Scheduling,NL,nl,Educational / Category,Waarom is productieplanning zo moeilijk in de procesindustrie?,Why is production scheduling so hard in process manufacturing?
p129,Flow Scheduling,NL,nl,Vendor Discovery,Welke aanbieders bieden software voor procesindustrie-planning?,Which vendors provide process manufacturing scheduling software?
p130,Flow Scheduling,NL,nl,Vendor Discovery,Welke software verzorgt tankplanning voor vloeibare productie en drankenproductie?,Which software handles tank scheduling for liquid and beverage production?
p131,Flow Scheduling,NL,nl,Vendor Discovery,Welke aanbieders bieden software voor het plannen van vloeibare productie?,Which vendors offer liquid production scheduling software?
p132,Flow Scheduling,NL,nl,Vendor Discovery,Welke software is het best voor batch-productieplanning in procesfabrieken?,Which software is best for batch production scheduling in process plants?
p133,Flow Scheduling,NL,nl,Use-Case Fit,"Welke productieplanningssoftware voor brouwerijen gaat om met tanks, gisting en verpakking?","Which brewery production scheduling software handles tanks, fermentation and packaging?"
p134,Flow Scheduling,NL,nl,Use-Case Fit,Welke software voor productieplanning in zuivelfabrieken gaat om met houdbaarheid en reiniging?,Which dairy production planning and scheduling software handles shelf life and cleaning?
p135,Life Sciences Planning,NL,nl,Vendor Discovery,Welke softwareleveranciers bieden supply chain planningsoplossingen voor farmaceutische en life sciences-bedrijven?,Which software vendors provide supply chain planning solutions for pharmaceutical and life sciences companies?
p136,Life Sciences Planning,NL,nl,Vendor Discovery,Wie zijn de toonaangevende aanbieders van supply chain planning voor farma- en life sciences-fabrikanten?,Who are the leading supply chain planning providers for pharma and life sciences manufacturers?
p137,Life Sciences Planning,NL,nl,Vendor Shortlist,Welke supply chain planningsplatforms zou een wereldwijde farmaceutische fabrikant moeten shortlisten?,Which supply chain planning solutions should a global pharmaceutical manufacturer shortlist?
p138,Life Sciences Planning,NL,nl,Use-Case Fit,Hoe kan een farmabedrijf klinische en commerciële levering samen plannen?,How can a pharma company plan clinical and commercial supply together?
p139,Life Sciences Planning,NL,nl,Use-Case Fit,Hoe kan een farmafabrikant levering plannen voor producten met korte houdbaarheid en strikte batchregels?,How can a pharma manufacturer plan supply for products with short shelf life and strict batch rules?
p140,Life Sciences Planning,NL,nl,Comparison / Alternatives,"Welke alternatieven voor Kinaxis, OMP en SAP zijn sterke opties voor complexe supply chain planning in life sciences?","Which alternatives to Kinaxis, OMP and SAP are strong options for complex life sciences supply chain planning?"
p141,Life Sciences Planning,NL,nl,Educational / Category,Wat maakt supply chain planning moeilijk in de farmaceutische productie?,What makes supply chain planning difficult in pharmaceutical manufacturing?
p142,Life Sciences Planning,NL,nl,Educational / Category,"Hoe kunnen farmabedrijven capaciteit plannen rond houdbaarheid, batchregels en regulatoire blokkades?","How can pharma companies plan capacity around shelf life, batch rules and regulatory holds?"
p143,Life Sciences Planning,NL,nl,Use-Case Fit,Hoe kan een groeiend biotechbedrijf overgaan van klinische levering naar volledige commerciële productieplanning?,How can a growing biotech move from clinical supply to full commercial production planning?
p144,Production Scheduling,NL,nl,Vendor Discovery,Welke softwareleveranciers bieden geavanceerde productieplanning voor complexe productie?,Which software vendors provide advanced production scheduling for complex manufacturing?
p145,Production Scheduling,NL,nl,Vendor Shortlist,Welke leveranciers van productieplanning zou een grote fabrikant met meerdere locaties en complexe planningseisen moeten shortlisten?,Which production scheduling vendors should a large multi-site manufacturer with complex planning requirements shortlist?
p146,Production Scheduling,NL,nl,Vendor Discovery,Welke AI-gedreven oplossingen voor productieplanning zijn het meest geschikt voor restrictie-intensieve productie?,Which AI-powered production scheduling solutions are best suited to constraint-intensive manufacturing?
p147,Production Scheduling,NL,nl,Use-Case Fit,"Hoe kan een fabrikant een werkbaar productieschema maken als capaciteit, materiaal en personeel allemaal concurreren?","How can a manufacturer build a workable production schedule when capacity, materials and labor all compete?"
p148,Production Scheduling,NL,nl,Use-Case Fit,Hoe kan een fabrikant met meerdere locaties productie plannen over locaties die materiaal en capaciteit delen?,How can a multi-site manufacturer plan production across sites that share materials and capacity?
p149,Production Scheduling,NL,nl,Use-Case Fit,Hoe kan een fabrikant de leverbetrouwbaarheid verbeteren en tegelijk omstellingen en voorraad verlagen?,How can a manufacturer improve on-time delivery while reducing changeovers and inventory?
p150,Production Scheduling,NL,nl,Comparison / Alternatives,"Wat zijn de beste alternatieven voor OMP, Kinaxis en Blue Yonder voor complexe productieplanning?","What are the best alternatives to OMP, Kinaxis and Blue Yonder for complex production scheduling?"
p151,Production Scheduling,NL,nl,Comparison / Alternatives,"Welke aanbieders naast OMP, Kinaxis en Blue Yonder zijn geloofwaardig voor complexe productieplanning?","Beyond OMP, Kinaxis and Blue Yonder, which providers are credible for complex production scheduling?"
p152,Production Scheduling,NL,nl,Educational / Category,Hoe kan productieplanning de leverbetrouwbaarheid verbeteren zonder voorraad of omstellingen toe te voegen?,How can production scheduling improve on-time delivery without adding inventory or changeovers?
p153,Production Scheduling,NL,nl,Educational / Category,Hoe kunnen fabrikanten productie snel herplannen als een machine uitvalt of materiaal opraakt?,How can manufacturers quickly reschedule production when a machine breaks down or material runs short?
p154,Procurement & Blend Opt,NL,nl,Vendor Discovery,Welke softwareleveranciers bieden geïntegreerde inkoop- en blendoptimalisatie voor fabrikanten die met variabele grondstoffen werken?,Which software vendors provide integrated procurement and blend optimization for manufacturers using variable raw materials?
p155,Procurement & Blend Opt,NL,nl,Vendor Discovery,Wie biedt software die inkoop en receptblending samen optimaliseert voor producenten met wisselende natuurlijke grondstoffen?,Who offers software that jointly optimizes buying and recipe blending for producers working with fluctuating natural inputs?
p156,Procurement & Blend Opt,NL,nl,Vendor Discovery,Als inkoopdirecteur – welke aanbieders combineren sourcing en blendoptimalisatie in één software?,"As a procurement director, which providers combine sourcing and blend optimization in one software?"
p157,Procurement & Blend Opt,NL,nl,Vendor Shortlist,Welke oplossingen zou een koffiefabrikant moeten shortlisten om groene-koffie-inkoop en blending samen te optimaliseren?,Which solutions should a coffee manufacturer shortlist to optimize green coffee sourcing and blending together?
p158,Procurement & Blend Opt,NL,nl,Vendor Shortlist,Welke software voor optimalisatie van inkoop en blending zou een koffiebranderij moeten shortlisten?,Which sourcing and blending optimization software should a coffee roaster shortlist?
p159,Procurement & Blend Opt,NL,nl,Vendor Shortlist,Welke systemen zou een theefabrikant moeten shortlisten om bladinkoop en blendrecepten samen te optimaliseren?,Which systems should a tea manufacturer shortlist to optimize leaf sourcing and blend recipes together?
p160,Procurement & Blend Opt,NL,nl,Use-Case Fit,"We willen de grondstofkosten verlagen en tegelijk voldoen aan kwaliteits-, recept- en beschikbaarheidseisen. Welke software zouden we moeten evalueren?","We need to reduce raw material costs while meeting quality, recipe and availability constraints. Which software should we evaluate?"
p161,Procurement & Blend Opt,NL,nl,Use-Case Fit,Als koffieproducent willen we de groene-koffiekosten verlagen en tegelijk kopkwaliteit en blendrecepten behouden. Welke software ondersteunt dat?,As a coffee producer we want to cut green coffee costs while holding cup quality and blend recipes. Which software supports that?
p162,Procurement & Blend Opt,NL,nl,Use-Case Fit,"Als theeblender moeten we bladkosten, beschikbaarheid en smaakconsistentie balanceren. Welke optimalisatietools zouden we moeten evalueren?","As a tea blender we need to balance leaf cost, availability and taste consistency. Which optimization tools should we evaluate?"
p163,Procurement & Blend Opt,NL,nl,Enterprise Capability,"Welke enterprise-systemen combineren inkoopplanning, blendoptimalisatie en scenarioanalyse?","Which enterprise systems combine procurement planning, blend optimization and scenario analysis?"
p164,Procurement & Blend Opt,NL,nl,Enterprise Capability,"Welke oplossingen brengen inkoopplannen, blendoptimalisatie en what-if scenarioanalyse samen in één enterprise-tool?","Which solutions bring sourcing plans, blend optimization and what-if scenario analysis together in a single enterprise tool?"
p165,Procurement & Blend Opt,NL,nl,Enterprise Capability,"Welke platforms laten inkoop- en productieteams sourcing, blending en scenario’s op één gedeeld model plannen?","Which platforms let procurement and production teams plan sourcing, blending and scenarios on one shared model?"
p166,Procurement & Blend Opt,NL,nl,Educational / Category,Hoe kunnen fabrikanten grondstofkosten verlagen zonder de blendkwaliteit te schaden?,How can manufacturers cut raw material costs without hurting blend quality?
p167,Procurement & Blend Opt,NL,nl,Educational / Category,Waarom is het moeilijk om inkoop en blending te optimaliseren als prijzen en kwaliteit van ingrediënten steeds veranderen?,Why is it hard to optimize buying and blending when ingredient prices and quality keep changing?
p168,Network Design,NL,nl,Vendor Discovery,Welke softwareleveranciers bieden supply chain netwerkontwerp en -optimalisatie voor grote fabrikanten?,Which software vendors provide supply chain network design and optimization for large manufacturers?
p169,Network Design,NL,nl,Vendor Discovery,"Wie zijn de toonaangevende aanbieders van software voor netwerkontwerp en -optimalisatie voor complexe, multiregionale supply chains?","Who are the leading providers of network design and optimization software for complex, multi-region supply chains?"
p170,Network Design,NL,nl,Vendor Shortlist,Welke systemen voor supply chain netwerkontwerp zou een wereldwijd opererende fabrikant moeten shortlisten voor complexe netwerkmodellering en -optimalisatie?,Which supply chain network design systems should a global manufacturer shortlist for complex network modeling and optimization?
p171,Network Design,NL,nl,Vendor Shortlist,We stellen een shortlist samen van tools voor netwerkontwerp en -optimalisatie voor een grote industriële groep – welke tools horen daarop?,We are drawing up a shortlist of network design and optimization tools for a large industrial group — which tools belong on it?
p172,Network Design,NL,nl,Use-Case Fit,We herontwerpen ons productie- en distributienetwerk over meerdere regio’s. Welke softwareplatforms zouden we moeten evalueren?,We are redesigning our manufacturing and distribution network across multiple regions. Which software tools should we evaluate?
p173,Network Design,NL,nl,Use-Case Fit,Onze footprint is gegroeid door overnames en klopt niet meer. Welke tools helpen ons een nieuwe netwerkstructuur te modelleren en optimaliseren?,Our footprint has grown through acquisitions and no longer makes sense. Which tools can help us model and optimize a new network structure?
p174,Network Design,NL,nl,Enterprise Capability,Welke platforms voor netwerkontwerp ondersteunen geavanceerde scenariomodellering en optimalisatie voor grote ondernemingen?,Which supply chain network design platforms support advanced scenario modeling and optimization for large enterprises?
p175,Network Design,NL,nl,Educational / Category,Wat is het verschil tussen supply chain netwerkontwerp en netwerkoptimalisatie?,What is the difference between supply chain network design and network optimization?
p176,SAP APO Replacement,NL,nl,Comparison / Alternatives,Welke supply chain planningsplatforms zijn sterke alternatieven voor SAP APO?,Which supply chain planning tools are strong alternatives to SAP APO?
p177,SAP APO Replacement,NL,nl,Vendor Shortlist,Welke oplossingen zou een grote fabrikant moeten shortlisten bij het vervangen van SAP APO voor productieplanning en -scheduling?,Which solutions should a large manufacturer shortlist when replacing SAP APO for production planning and scheduling?
p178,SAP APO Replacement,NL,nl,Educational / Category,Waar moeten bedrijven aan denken bij het plannen van een overstap van SAP APO?,What should companies think about when planning a move away from SAP APO?
p179,AI / Decision Execution,NL,nl,Vendor Discovery,Welke leveranciers bieden AI-gedreven supply chain planningsplatforms die ook helpen bij het uitvoeren van planningsbeslissingen?,Which vendors offer AI-driven supply chain planning software that also helps act on planning decisions?
p180,AI / Decision Execution,NL,nl,Educational / Category,Hoe kan AI helpen bij productieplanning in complexe productie?,How can AI help with production scheduling in complex manufacturing?
p181,Flow Scheduling,BE,nl-BE,Vendor Discovery,Welke leveranciers zijn gespecialiseerd in flow scheduling-software voor complexe procesindustrie?,Which vendors specialize in flow scheduling software for complex process manufacturing?
p182,Flow Scheduling,BE,nl-BE,Vendor Discovery,Wie biedt scheduling-software die specifiek is ontwikkeld voor continue en batch-procesproductie?,Who provides scheduling software built specifically for continuous and batch process manufacturing?
p183,Flow Scheduling,BE,nl-BE,Vendor Shortlist,"Welke flow scheduling-software zou een brouwerij moeten shortlisten voor het plannen van brouwen, gisting en verpakking?","Which flow scheduling software should a brewery shortlist for planning brewing, fermentation and packaging?"
p184,Flow Scheduling,BE,nl-BE,Vendor Shortlist,"Welke flow scheduling-systemen zou een zuivelproducent moeten shortlisten voor het plannen van verwerking, afvulling en houdbaarheid?","Which flow scheduling systems should a dairy producer shortlist for planning processing, filling and shelf life?"
p185,Flow Scheduling,BE,nl-BE,Use-Case Fit,Hoe kan een fabriek met meerdere tanks en reinigingsstappen de productiestroom synchroon houden?,How can a plant with multiple tanks and cleaning steps keep its production flow in sync?
p186,Flow Scheduling,BE,nl-BE,Use-Case Fit,"Hoe kan een brouwerij brouwen, gisting en verpakking rond beperkte tanks plannen?","How can a brewery schedule brewing, fermentation and packaging around limited tanks?"
p187,Flow Scheduling,BE,nl-BE,Enterprise Capability,"Welke flow scheduling-tools ondersteunen productie op meerdere locaties, complexe restricties en herplanning in realtime?","Which flow scheduling tools support multi-site operations, complex constraints and real-time replanning?"
p188,Flow Scheduling,BE,nl-BE,Educational / Category,Waarom is productieplanning zo moeilijk in de procesindustrie?,Why is production scheduling so hard in process manufacturing?
p189,Flow Scheduling,BE,nl-BE,Vendor Discovery,Welke aanbieders bieden software voor procesindustrie-planning?,Which vendors provide process manufacturing scheduling software?
p190,Flow Scheduling,BE,nl-BE,Vendor Discovery,Welke software verzorgt tankplanning voor vloeibare productie en drankenproductie?,Which software handles tank scheduling for liquid and beverage production?
p191,Flow Scheduling,BE,nl-BE,Vendor Discovery,Welke aanbieders bieden software voor het plannen van vloeibare productie?,Which vendors offer liquid production scheduling software?
p192,Flow Scheduling,BE,nl-BE,Vendor Discovery,Welke software is het best voor batch-productieplanning in procesfabrieken?,Which software is best for batch production scheduling in process plants?
p193,Flow Scheduling,BE,nl-BE,Use-Case Fit,"Welke productieplanningssoftware voor brouwerijen gaat om met tanks, gisting en verpakking?","Which brewery production scheduling software handles tanks, fermentation and packaging?"
p194,Flow Scheduling,BE,nl-BE,Use-Case Fit,Welke software voor productieplanning in zuivelfabrieken gaat om met houdbaarheid en reiniging?,Which dairy production planning and scheduling software handles shelf life and cleaning?
p195,Life Sciences Planning,BE,nl-BE,Vendor Discovery,Welke softwareleveranciers bieden supply chain planningsoplossingen voor farmaceutische en life sciences-bedrijven?,Which software vendors provide supply chain planning solutions for pharmaceutical and life sciences companies?
p196,Life Sciences Planning,BE,nl-BE,Vendor Shortlist,Welke supply chain planningsplatforms zou een wereldwijde farmaceutische fabrikant moeten shortlisten?,Which supply chain planning solutions should a global pharmaceutical manufacturer shortlist?
p197,Life Sciences Planning,BE,nl-BE,Use-Case Fit,Hoe kan een farmabedrijf klinische en commerciële levering samen plannen?,How can a pharma company plan clinical and commercial supply together?
p198,Life Sciences Planning,BE,nl-BE,Comparison / Alternatives,"Welke alternatieven voor Kinaxis, OMP en SAP zijn sterke opties voor complexe supply chain planning in life sciences?","Which alternatives to Kinaxis, OMP and SAP are strong options for complex life sciences supply chain planning?"
p199,Life Sciences Planning,BE,nl-BE,Educational / Category,Wat maakt supply chain planning moeilijk in de farmaceutische productie?,What makes supply chain planning difficult in pharmaceutical manufacturing?
p200,Life Sciences Planning,BE,nl-BE,Use-Case Fit,Hoe kan een groeiend biotechbedrijf overgaan van klinische levering naar volledige commerciële productieplanning?,How can a growing biotech move from clinical supply to full commercial production planning?
p201,Production Scheduling,BE,nl-BE,Vendor Discovery,Welke softwareleveranciers bieden geavanceerde productieplanning voor complexe productie?,Which software vendors provide advanced production scheduling for complex manufacturing?
p202,Production Scheduling,BE,nl-BE,Vendor Shortlist,Welke leveranciers van productieplanning zou een grote fabrikant met meerdere locaties en complexe planningseisen moeten shortlisten?,Which production scheduling vendors should a large multi-site manufacturer with complex planning requirements shortlist?
p203,Production Scheduling,BE,nl-BE,Vendor Discovery,Welke AI-gedreven oplossingen voor productieplanning zijn het meest geschikt voor restrictie-intensieve productie?,Which AI-powered production scheduling solutions are best suited to constraint-intensive manufacturing?
p204,Production Scheduling,BE,nl-BE,Use-Case Fit,"Hoe kan een fabrikant een werkbaar productieschema maken als capaciteit, materiaal en personeel allemaal concurreren?","How can a manufacturer build a workable production schedule when capacity, materials and labor all compete?"
p205,Production Scheduling,BE,nl-BE,Use-Case Fit,Hoe kan een fabrikant met meerdere locaties productie plannen over locaties die materiaal en capaciteit delen?,How can a multi-site manufacturer plan production across sites that share materials and capacity?
p206,Production Scheduling,BE,nl-BE,Use-Case Fit,Hoe kan een fabrikant de leverbetrouwbaarheid verbeteren en tegelijk omstellingen en voorraad verlagen?,How can a manufacturer improve on-time delivery while reducing changeovers and inventory?
p207,Production Scheduling,BE,nl-BE,Comparison / Alternatives,"Wat zijn de beste alternatieven voor OMP, Kinaxis en Blue Yonder voor complexe productieplanning?","What are the best alternatives to OMP, Kinaxis and Blue Yonder for complex production scheduling?"
p208,Production Scheduling,BE,nl-BE,Comparison / Alternatives,"Welke aanbieders naast OMP, Kinaxis en Blue Yonder zijn geloofwaardig voor complexe productieplanning?","Beyond OMP, Kinaxis and Blue Yonder, which providers are credible for complex production scheduling?"
p209,Production Scheduling,BE,nl-BE,Educational / Category,Hoe kan productieplanning de leverbetrouwbaarheid verbeteren zonder voorraad of omstellingen toe te voegen?,How can production scheduling improve on-time delivery without adding inventory or changeovers?
p210,Production Scheduling,BE,nl-BE,Educational / Category,Hoe kunnen fabrikanten productie snel herplannen als een machine uitvalt of materiaal opraakt?,How can manufacturers quickly reschedule production when a machine breaks down or material runs short?
p211,Procurement & Blend Opt,BE,nl-BE,Vendor Discovery,Welke softwareleveranciers bieden geïntegreerde inkoop- en blendoptimalisatie voor fabrikanten die met variabele grondstoffen werken?,Which software vendors provide integrated procurement and blend optimization for manufacturers using variable raw materials?
p212,Procurement & Blend Opt,BE,nl-BE,Vendor Discovery,Wie biedt software die inkoop en receptblending samen optimaliseert voor producenten met wisselende natuurlijke grondstoffen?,Who offers software that jointly optimizes buying and recipe blending for producers working with fluctuating natural inputs?
p213,Procurement & Blend Opt,BE,nl-BE,Vendor Discovery,Als inkoopdirecteur – welke aanbieders combineren sourcing en blendoptimalisatie in één software?,"As a procurement director, which providers combine sourcing and blend optimization in one software?"
p214,Procurement & Blend Opt,BE,nl-BE,Vendor Shortlist,Welke oplossingen zou een koffiefabrikant moeten shortlisten om groene-koffie-inkoop en blending samen te optimaliseren?,Which solutions should a coffee manufacturer shortlist to optimize green coffee sourcing and blending together?
p215,Procurement & Blend Opt,BE,nl-BE,Vendor Shortlist,Welke software voor optimalisatie van inkoop en blending zou een koffiebranderij moeten shortlisten?,Which sourcing and blending optimization software should a coffee roaster shortlist?
p216,Procurement & Blend Opt,BE,nl-BE,Vendor Shortlist,Welke systemen zou een theefabrikant moeten shortlisten om bladinkoop en blendrecepten samen te optimaliseren?,Which systems should a tea manufacturer shortlist to optimize leaf sourcing and blend recipes together?
p217,Procurement & Blend Opt,BE,nl-BE,Use-Case Fit,"We willen de grondstofkosten verlagen en tegelijk voldoen aan kwaliteits-, recept- en beschikbaarheidseisen. Welke software zouden we moeten evalueren?","We need to reduce raw material costs while meeting quality, recipe and availability constraints. Which software should we evaluate?"
p218,Procurement & Blend Opt,BE,nl-BE,Use-Case Fit,Als koffieproducent willen we de groene-koffiekosten verlagen en tegelijk kopkwaliteit en blendrecepten behouden. Welke software ondersteunt dat?,As a coffee producer we want to cut green coffee costs while holding cup quality and blend recipes. Which software supports that?
p219,Procurement & Blend Opt,BE,nl-BE,Use-Case Fit,"Als theeblender moeten we bladkosten, beschikbaarheid en smaakconsistentie balanceren. Welke optimalisatietools zouden we moeten evalueren?","As a tea blender we need to balance leaf cost, availability and taste consistency. Which optimization tools should we evaluate?"
p220,Procurement & Blend Opt,BE,nl-BE,Enterprise Capability,"Welke enterprise-systemen combineren inkoopplanning, blendoptimalisatie en scenarioanalyse?","Which enterprise systems combine procurement planning, blend optimization and scenario analysis?"
p221,Procurement & Blend Opt,BE,nl-BE,Enterprise Capability,"Welke oplossingen brengen inkoopplannen, blendoptimalisatie en what-if scenarioanalyse samen in één enterprise-tool?","Which solutions bring sourcing plans, blend optimization and what-if scenario analysis together in a single enterprise tool?"
p222,Procurement & Blend Opt,BE,nl-BE,Enterprise Capability,"Welke platforms laten inkoop- en productieteams sourcing, blending en scenario’s op één gedeeld model plannen?","Which platforms let procurement and production teams plan sourcing, blending and scenarios on one shared model?"
p223,Procurement & Blend Opt,BE,nl-BE,Educational / Category,Hoe kunnen fabrikanten grondstofkosten verlagen zonder de blendkwaliteit te schaden?,How can manufacturers cut raw material costs without hurting blend quality?
p224,Procurement & Blend Opt,BE,nl-BE,Educational / Category,Waarom is het moeilijk om inkoop en blending te optimaliseren als prijzen en kwaliteit van ingrediënten steeds veranderen?,Why is it hard to optimize buying and blending when ingredient prices and quality keep changing?
p225,Network Design,BE,nl-BE,Vendor Discovery,Welke softwareleveranciers bieden supply chain netwerkontwerp en -optimalisatie voor grote fabrikanten?,Which software vendors provide supply chain network design and optimization for large manufacturers?
p226,Network Design,BE,nl-BE,Vendor Discovery,"Wie zijn de toonaangevende aanbieders van software voor netwerkontwerp en -optimalisatie voor complexe, multiregionale supply chains?","Who are the leading providers of network design and optimization software for complex, multi-region supply chains?"
p227,Network Design,BE,nl-BE,Vendor Shortlist,Welke systemen voor supply chain netwerkontwerp zou een wereldwijd opererende fabrikant moeten shortlisten voor complexe netwerkmodellering en -optimalisatie?,Which supply chain network design systems should a global manufacturer shortlist for complex network modeling and optimization?
p228,Network Design,BE,nl-BE,Vendor Shortlist,We stellen een shortlist samen van tools voor netwerkontwerp en -optimalisatie voor een grote industriële groep – welke tools horen daarop?,We are drawing up a shortlist of network design and optimization tools for a large industrial group — which tools belong on it?
p229,Network Design,BE,nl-BE,Use-Case Fit,We herontwerpen ons productie- en distributienetwerk over meerdere regio’s. Welke softwareplatforms zouden we moeten evalueren?,We are redesigning our manufacturing and distribution network across multiple regions. Which software tools should we evaluate?
p230,Network Design,BE,nl-BE,Use-Case Fit,Onze footprint is gegroeid door overnames en klopt niet meer. Welke tools helpen ons een nieuwe netwerkstructuur te modelleren en optimaliseren?,Our footprint has grown through acquisitions and no longer makes sense. Which tools can help us model and optimize a new network structure?
p231,Network Design,BE,nl-BE,Enterprise Capability,Welke platforms voor netwerkontwerp ondersteunen geavanceerde scenariomodellering en optimalisatie voor grote ondernemingen?,Which supply chain network design platforms support advanced scenario modeling and optimization for large enterprises?
p232,Network Design,BE,nl-BE,Educational / Category,Wat is het verschil tussen supply chain netwerkontwerp en netwerkoptimalisatie?,What is the difference between supply chain network design and network optimization?
p233,SAP APO Replacement,BE,nl-BE,Comparison / Alternatives,Welke supply chain planningsplatforms zijn sterke alternatieven voor SAP APO?,Which supply chain planning tools are strong alternatives to SAP APO?
p234,SAP APO Replacement,BE,nl-BE,Vendor Shortlist,Welke oplossingen zou een grote fabrikant moeten shortlisten bij het vervangen van SAP APO voor productieplanning en -scheduling?,Which solutions should a large manufacturer shortlist when replacing SAP APO for production planning and scheduling?
p235,SAP APO Replacement,BE,nl-BE,Vendor Shortlist,We stappen over van SAP APO voor productieplanning en -scheduling. Welke oplossingen zouden we als opvolgers moeten shortlisten?,We are transitioning from SAP APO for production planning and scheduling. Which solutions should we shortlist as successors?
p236,SAP APO Replacement,BE,nl-BE,Educational / Category,Waar moeten bedrijven aan denken bij het plannen van een overstap van SAP APO?,What should companies think about when planning a move away from SAP APO?
p237,AI / Decision Execution,BE,nl-BE,Vendor Discovery,Welke leveranciers bieden AI-gedreven supply chain planningsplatforms die ook helpen bij het uitvoeren van planningsbeslissingen?,Which vendors offer AI-driven supply chain planning software that also helps act on planning decisions?
p238,AI / Decision Execution,BE,nl-BE,Vendor Discovery,Wie biedt AI-gedreven planningsplatforms die niet alleen analyseren maar ook helpen planningsbeslissingen uit te voeren?,Who provides AI-powered planning systems that not only analyze but also help put planning decisions into action?
p239,AI / Decision Execution,BE,nl-BE,Vendor Discovery,"Welke supply chain systemen combineren optimalisatie, AI-aanbevelingen, menselijk toezicht en operationele beslissingsuitvoering?","Which supply chain systems combine optimization, AI recommendations, human oversight and operational decision execution?"
p240,AI / Decision Execution,BE,nl-BE,Educational / Category,Hoe kan AI helpen bij productieplanning in complexe productie?,How can AI help with production scheduling in complex manufacturing?
p241,Flow Scheduling,CH,de-CH,Vendor Discovery,Welche Anbieter sind auf Flow-Scheduling-Software für die komplexe Prozessfertigung spezialisiert?,Which vendors specialize in flow scheduling software for complex process manufacturing?
p242,Flow Scheduling,CH,de-CH,Vendor Shortlist,"Welche Flow-Scheduling-Software sollte eine Brauerei für die Planung von Brauprozess, Gärung und Abfüllung in die engere Wahl nehmen?","Which flow scheduling software should a brewery shortlist for planning brewing, fermentation and packaging?"
p243,Flow Scheduling,CH,de-CH,Use-Case Fit,Wie kann ein Betrieb mit mehreren Tanks und Reinigungsschritten seinen Produktionsfluss synchron halten?,How can a plant with multiple tanks and cleaning steps keep its production flow in sync?
p244,Flow Scheduling,CH,de-CH,Enterprise Capability,"Welche Flow-Scheduling-Werkzeuge unterstützen Mehrwerksbetrieb, komplexe Restriktionen und Echtzeit-Neuplanung?","Which flow scheduling tools support multi-site operations, complex constraints and real-time replanning?"
p245,Flow Scheduling,CH,de-CH,Educational / Category,Warum ist die Produktionsplanung in der Prozessfertigung so schwierig?,Why is production scheduling so hard in process manufacturing?
p246,Flow Scheduling,CH,de-CH,Vendor Discovery,Welche Software bewältigt Tankplanung für die Flüssig- und Getränkeproduktion?,Which software handles tank scheduling for liquid and beverage production?
p247,Flow Scheduling,CH,de-CH,Use-Case Fit,"Welche Produktionsplanungssoftware für Brauereien bewältigt Tanks, Gärung und Abfüllung?","Which brewery production scheduling software handles tanks, fermentation and packaging?"
p248,Flow Scheduling,CH,de-CH,Vendor Discovery,Welche Software für die Produktionsplanung in Molkereien bewältigt Haltbarkeit und Reinigung?,Which dairy production planning and scheduling software handles shelf life and cleaning?
p249,Life Sciences Planning,CH,de-CH,Vendor Discovery,Welche Softwareanbieter bieten Supply-Chain-Planungslösungen für Pharma- und Life-Sciences-Unternehmen?,Which software vendors provide supply chain planning solutions for pharmaceutical and life sciences companies?
p250,Life Sciences Planning,CH,de-CH,Vendor Discovery,Wer sind die führenden Anbieter von Supply-Chain-Planung für Pharma- und Life-Sciences-Hersteller?,Who are the leading supply chain planning providers for pharma and life sciences manufacturers?
p251,Life Sciences Planning,CH,de-CH,Vendor Discovery,Für einen Pharmahersteller – welche Anbieter für Supply-Chain-Planung lohnt es sich zu prüfen?,"For a pharmaceutical manufacturer, which supply chain planning providers are worth looking into?"
p252,Life Sciences Planning,CH,de-CH,Vendor Discovery,Welche Anbieter von Supply-Chain-Planung haben nachweisliche Implementierungen in der Pharma- und Biotech-Fertigung?,Which supply chain planning providers have proven deployments in pharmaceutical and biotech manufacturing?
p253,Life Sciences Planning,CH,de-CH,Vendor Discovery,"Für ein Unternehmen, das regulierte Arzneimittel herstellt – welche Anbieter von Planungssoftware sind für Life-Sciences-Lieferketten anerkannt?","For a company producing regulated medicines, which planning software vendors are recognized for life sciences supply chains?"
p254,Life Sciences Planning,CH,de-CH,Vendor Shortlist,Welche Supply-Chain-Planungsplattformen sollte ein global tätiger Pharmahersteller in die engere Wahl nehmen?,Which supply chain planning solutions should a global pharmaceutical manufacturer shortlist?
p255,Life Sciences Planning,CH,de-CH,Vendor Shortlist,Wir sind ein global tätiges Pharmaunternehmen und prüfen Planungssoftware – welche sollte in die engere Wahl kommen?,We are a global pharma company reviewing planning software — which one should make our shortlist?
p256,Life Sciences Planning,CH,de-CH,Vendor Shortlist,Ein großes Life-Sciences-Unternehmen prüft Planungswerkzeuge – welche Anbieter werden immer wieder als glaubwürdige Optionen genannt?,A large life sciences company is reviewing planning tools — which providers keep coming up as credible options?
p257,Life Sciences Planning,CH,de-CH,Vendor Shortlist,Ein Pharmakonzern konsolidiert seine Planungswerkzeuge über alle Werke hinweg – welche Werkzeuge sollten in die engere Wahl kommen?,A pharmaceutical group is consolidating planning tools across its plants — which tools should make the shortlist?
p258,Life Sciences Planning,CH,de-CH,Vendor Shortlist,"Für ein Biotech-Unternehmen, das von der klinischen zur kommerziellen Versorgung skaliert – welche Planungsplattformen lohnt es sich, in die engere Wahl zu nehmen?","For a biotech scaling from clinical to commercial supply, which planning platforms are worth shortlisting?"
p259,Life Sciences Planning,CH,de-CH,Use-Case Fit,Wie kann ein Pharmaunternehmen die klinische und kommerzielle Versorgung gemeinsam planen?,How can a pharma company plan clinical and commercial supply together?
p260,Life Sciences Planning,CH,de-CH,Use-Case Fit,Wie kann ein Pharmahersteller die Versorgung für Produkte mit kurzer Haltbarkeit und strengen Chargenvorgaben planen?,How can a pharma manufacturer plan supply for products with short shelf life and strict batch rules?
p261,Life Sciences Planning,CH,de-CH,Comparison / Alternatives,"Welche Alternativen zu Kinaxis, OMP und SAP sind starke Optionen für die komplexe Supply-Chain-Planung im Life-Sciences-Bereich?","Which alternatives to Kinaxis, OMP and SAP are strong options for complex life sciences supply chain planning?"
p262,Life Sciences Planning,CH,de-CH,Comparison / Alternatives,"Welche Anbieter neben Kinaxis, OMP und SAP sind für komplexe Life-Sciences-Lieferketten stark?","Besides Kinaxis, OMP and SAP, which planning providers are strong for complex life sciences supply chains?"
p263,Life Sciences Planning,CH,de-CH,Comparison / Alternatives,"Neben Kinaxis, OMP und SAP – welche Anbieter sind für die regulierte Life-Sciences-Lieferkettenplanung glaubwürdig?","Beyond Kinaxis, OMP and SAP, which providers are credible for regulated life sciences supply chain planning?"
p264,Life Sciences Planning,CH,de-CH,Comparison / Alternatives,Welche weniger offensichtlichen Planungsanbieter sind speziell für Pharma- und Biotech-Lieferketten stark?,Which less obvious planning vendors are strong specifically for pharmaceutical and biotech supply chains?
p265,Life Sciences Planning,CH,de-CH,Educational / Category,Was macht die Supply-Chain-Planung in der pharmazeutischen Fertigung schwierig?,What makes supply chain planning difficult in pharmaceutical manufacturing?
p266,Life Sciences Planning,CH,de-CH,Educational / Category,"Wie können Pharmaunternehmen ihre Kapazität rund um Haltbarkeit, Chargenvorgaben und regulatorische Sperren planen?","How can pharma companies plan capacity around shelf life, batch rules and regulatory holds?"
p267,Life Sciences Planning,CH,de-CH,Use-Case Fit,Wie kann ein wachsendes Biotech-Unternehmen von der klinischen Versorgung zur vollständigen kommerziellen Produktionsplanung übergehen?,How can a growing biotech move from clinical supply to full commercial production planning?
p268,Production Scheduling,CH,de-CH,Vendor Discovery,Welche Softwareanbieter bieten fortschrittliche Produktionsplanung für die komplexe Fertigung?,Which software vendors provide advanced production scheduling for complex manufacturing?
p269,Production Scheduling,CH,de-CH,Vendor Shortlist,Welche Anbieter für Produktionsplanung sollte ein großer Hersteller mit mehreren Standorten und komplexen Planungsanforderungen in die engere Wahl nehmen?,Which production scheduling vendors should a large multi-site manufacturer with complex planning requirements shortlist?
p270,Production Scheduling,CH,de-CH,Vendor Discovery,Welche KI-gestützten Lösungen für die Produktionsplanung eignen sich am besten für die restriktionsintensive Fertigung?,Which AI-powered production scheduling solutions are best suited to constraint-intensive manufacturing?
p271,Production Scheduling,CH,de-CH,Use-Case Fit,"Wie kann ein Hersteller einen realistischen Produktionsplan erstellen, wenn Kapazität, Material und Personal konkurrieren?","How can a manufacturer build a workable production schedule when capacity, materials and labor all compete?"
p272,Production Scheduling,CH,de-CH,Use-Case Fit,"Wie kann ein Hersteller mit mehreren Standorten die Produktion über Standorte hinweg planen, die Material und Kapazität teilen?",How can a multi-site manufacturer plan production across sites that share materials and capacity?
p273,Production Scheduling,CH,de-CH,Use-Case Fit,Wie kann ein Hersteller die Termintreue verbessern und gleichzeitig Rüstvorgänge und Bestände reduzieren?,How can a manufacturer improve on-time delivery while reducing changeovers and inventory?
p274,Production Scheduling,CH,de-CH,Comparison / Alternatives,"Was sind die besten Alternativen zu OMP, Kinaxis und Blue Yonder für die komplexe Produktionsplanung?","What are the best alternatives to OMP, Kinaxis and Blue Yonder for complex production scheduling?"
p275,Production Scheduling,CH,de-CH,Comparison / Alternatives,"Welche Anbieter jenseits von OMP, Kinaxis und Blue Yonder sind für die komplexe Produktionsplanung glaubwürdig?","Beyond OMP, Kinaxis and Blue Yonder, which providers are credible for complex production scheduling?"
p276,Production Scheduling,CH,de-CH,Educational / Category,"Wie kann die Produktionsplanung die Termintreue verbessern, ohne Bestände oder Rüstvorgänge zu erhöhen?",How can production scheduling improve on-time delivery without adding inventory or changeovers?
p277,Production Scheduling,CH,de-CH,Educational / Category,"Wie können Hersteller die Produktion schnell umplanen, wenn eine Maschine ausfällt oder Material knapp wird?",How can manufacturers quickly reschedule production when a machine breaks down or material runs short?
p278,Procurement & Blend Opt,CH,de-CH,Vendor Discovery,Welche Softwareanbieter bieten integrierte Beschaffungs- und Mischungsoptimierung für Hersteller mit schwankenden Rohstoffen?,Which software vendors provide integrated procurement and blend optimization for manufacturers using variable raw materials?
p279,Procurement & Blend Opt,CH,de-CH,Vendor Shortlist,"Welche Lösungen sollte ein Kaffeehersteller in die engere Wahl nehmen, um Rohkaffee-Einkauf und Mischung gemeinsam zu optimieren?",Which solutions should a coffee manufacturer shortlist to optimize green coffee sourcing and blending together?
p280,Procurement & Blend Opt,CH,de-CH,Educational / Category,"Welche Systeme sollte ein Teehersteller in die engere Wahl nehmen, um Blatteinkauf und Mischungsrezepturen gemeinsam zu optimieren?",Which systems should a tea manufacturer shortlist to optimize leaf sourcing and blend recipes together?
p281,Procurement & Blend Opt,CH,de-CH,Use-Case Fit,"Wir möchten die Rohstoffkosten senken und gleichzeitig Qualitäts-, Rezeptur- und Verfügbarkeitsanforderungen einhalten. Welche Software sollten wir evaluieren?","We need to reduce raw material costs while meeting quality, recipe and availability constraints. Which software should we evaluate?"
p282,Network Design,CH,de-CH,Vendor Discovery,Welche Softwareanbieter bieten Supply-Chain-Netzwerkdesign und -Optimierung für große Fertigungsunternehmen?,Which software vendors provide supply chain network design and optimization for large manufacturers?
p283,Network Design,CH,de-CH,Vendor Discovery,"Wer sind die führenden Anbieter von Software für Netzwerkdesign und -optimierung für komplexe, mehrregionale Lieferketten?","Who are the leading providers of network design and optimization software for complex, multi-region supply chains?"
p284,Network Design,CH,de-CH,Vendor Shortlist,Welche Systeme für Supply-Chain-Netzwerkdesign sollte ein global aufgestellter Hersteller für komplexe Netzwerkmodellierung und -optimierung in die engere Wahl nehmen?,Which supply chain network design systems should a global manufacturer shortlist for complex network modeling and optimization?
p285,Network Design,CH,de-CH,Vendor Shortlist,Wir stellen eine Auswahlliste von Netzwerkdesign- und Optimierungswerkzeugen für einen großen Industriekonzern zusammen – welche Werkzeuge gehören darauf?,We are drawing up a shortlist of network design and optimization tools for a large industrial group — which tools belong on it?
p286,Network Design,CH,de-CH,Use-Case Fit,Wir gestalten unser Produktions- und Distributionsnetzwerk über mehrere Regionen hinweg neu. Welche Softwareplattformen sollten wir evaluieren?,We are redesigning our manufacturing and distribution network across multiple regions. Which software tools should we evaluate?
p287,Network Design,CH,de-CH,Use-Case Fit,"Unser Standortnetzwerk ist durch Zukäufe gewachsen und passt nicht mehr. Welche Werkzeuge helfen uns, eine neue Netzwerkstruktur zu modellieren und zu optimieren?",Our footprint has grown through acquisitions and no longer makes sense. Which tools can help us model and optimize a new network structure?
p288,Network Design,CH,de-CH,Enterprise Capability,Welche Plattformen für Netzwerkdesign unterstützen anspruchsvolle Szenariomodellierung und Optimierung für große Unternehmen?,Which supply chain network design platforms support advanced scenario modeling and optimization for large enterprises?
p289,Network Design,CH,de-CH,Educational / Category,Was ist der Unterschied zwischen Supply-Chain-Netzwerkdesign und Netzwerkoptimierung?,What is the difference between supply chain network design and network optimization?
p290,SAP APO Replacement,CH,de-CH,Comparison / Alternatives,Welche Supply-Chain-Planungsplattformen sind starke Alternativen zu SAP APO?,Which supply chain planning tools are strong alternatives to SAP APO?
p291,SAP APO Replacement,CH,de-CH,Comparison / Alternatives,"Für ein Unternehmen, das von SAP APO wechselt – welche Planungsplattformen sind die stärksten Optionen?","For a company transitioning away from SAP APO, which planning platforms are the strongest options to consider?"
p292,SAP APO Replacement,CH,de-CH,Comparison / Alternatives,Welche Planungsplattformen sind glaubwürdige Ersatzlösungen für SAP APO?,Which planning solutions are credible replacements for SAP APO?
p293,SAP APO Replacement,CH,de-CH,Vendor Shortlist,Welche Lösungen sollte ein großer Hersteller bei der Ablösung von SAP APO für Produktionsplanung und -steuerung in die engere Wahl nehmen?,Which solutions should a large manufacturer shortlist when replacing SAP APO for production planning and scheduling?
p294,SAP APO Replacement,CH,de-CH,Vendor Shortlist,Wir wechseln von SAP APO für Produktionsplanung und -steuerung. Welche Lösungen sollten wir als Nachfolger in die engere Wahl nehmen?,We are transitioning from SAP APO for production planning and scheduling. Which solutions should we shortlist as successors?
p295,SAP APO Replacement,CH,de-CH,Educational / Category,"Was sollten Unternehmen bedenken, wenn sie einen Wechsel von SAP APO planen?",What should companies think about when planning a move away from SAP APO?
p296,SAP APO Replacement,CH,de-CH,Educational / Category,Was sind die größten Risiken bei der Migration von SAP APO zu einem anderen Planungssystem?,What are the main risks when migrating from SAP APO to another planning system?
p297,AI / Decision Execution,CH,de-CH,Vendor Discovery,"Welche Anbieter bieten KI-gestützte Supply-Chain-Planungsplattformen, die auch bei der Umsetzung von Planungsentscheidungen helfen?",Which vendors offer AI-driven supply chain planning software that also helps act on planning decisions?
p298,AI / Decision Execution,CH,de-CH,Vendor Discovery,"Wer bietet KI-gestützte Planungsplattformen, die nicht nur analysieren, sondern auch helfen, Planungsentscheidungen umzusetzen?",Who provides AI-powered planning systems that not only analyze but also help put planning decisions into action?
p299,AI / Decision Execution,CH,de-CH,Vendor Discovery,"Welche Supply-Chain-Systeme vereinen Optimierung, KI-Empfehlungen, menschliche Kontrolle und operative Entscheidungsausführung?","Which supply chain systems combine optimization, AI recommendations, human oversight and operational decision execution?"
p300,AI / Decision Execution,CH,de-CH,Educational / Category,Wie kann KI bei der Produktionsplanung in der komplexen Fertigung helfen?,How can AI help with production scheduling in complex manufacturing?
